<project xmlns="http://maven.apache.org/POM/4.0.0" xmlns:xsi="http://www.w3.org/2001/XMLSchema-instance"
  xsi:schemaLocation="http://maven.apache.org/POM/4.0.0 http://maven.apache.org/xsd/maven-4.0.0.xsd">
  <modelVersion>4.0.0</modelVersion>

  <groupId>cs523</groupId>
  <artifactId>Spark2WCjdk8</artifactId>
  <version>0.0.1-SNAPSHOT</version>
  <packaging>jar</packaging>

  <name>Spark2WCjdk8</name>
  <url>http://maven.apache.org</url>

  <properties>
    <project.build.sourceEncoding>UTF-8</project.build.sourceEncoding>
  </properties>

   <dependencies>
  	<dependency>
  		<groupId>org.apache.spark</groupId>
  		<artifactId>spark-core_2.11</artifactId>
  		<version>1.6.0</version>
  	</dependency>
  </dependencies>
</project>
